{
  "main": {
    "id": "c9b3c85b0e16c3b7",
    "type": "split",
    "children": [
      {
        "id": "9f3259135bf11fe7",
        "type": "tabs",
        "children": [
          {
            "id": "7b5d246257c0f628",
            "type": "leaf",
            "state": {
              "type": "markdown",
              "state": {
                "file": "Linux/Settings/Install Arch  Linux.md",
                "mode": "source",
                "source": true
              }
            }
          }
        ]
      }
    ],
    "direction": "vertical"
  },
  "left": {
    "id": "0ebee2df0cefd6e4",
    "type": "split",
    "children": [
      {
        "id": "af71f697cbcd0148",
        "type": "tabs",
        "children": [
          {
            "id": "56250bf54fe10b7f",
            "type": "leaf",
            "state": {
              "type": "search",
              "state": {
                "query": "tag:",
                "matchingCase": false,
                "explainSearch": false,
                "collapseAll": false,
                "extraContext": false,
                "sortOrder": "alphabetical"
              }
            }
          },
          {
            "id": "384c5a31ee35f2af",
            "type": "leaf",
            "state": {
              "type": "bookmarks",
              "state": {}
            }
          },
          {
            "id": "9fe0e143718cde30",
            "type": "leaf",
            "state": {
              "type": "file-explorer",
              "state": {
                "sortOrder": "alphabetical"
              }
            }
          }
        ],
        "currentTab": 2
      }
    ],
    "direction": "horizontal",
    "width": 268.5
  },
  "right": {
    "id": "30f1b048f6b891e1",
    "type": "split",
    "children": [
      {
        "id": "ca2d0104ef4111a5",
        "type": "tabs",
        "children": [
          {
            "id": "443efc417837873c",
            "type": "leaf",
            "state": {
              "type": "outline",
              "state": {
                "file": "Linux/Settings/Install Arch  Linux.md"
              }
            }
          },
          {
            "id": "6ac72288fc005487",
            "type": "leaf",
            "state": {
              "type": "backlink",
              "state": {
                "file": "Linux/Settings/Install Arch  Linux.md",
                "collapseAll": false,
                "extraContext": false,
                "sortOrder": "alphabetical",
                "showSearch": false,
                "searchQuery": "",
                "backlinkCollapsed": false,
                "unlinkedCollapsed": true
              }
            }
          },
          {
            "id": "cd85a56a5142f9a1",
            "type": "leaf",
            "state": {
              "type": "advanced-tables-toolbar",
              "state": {}
            }
          },
          {
            "id": "d0ae08e9426590f6",
            "type": "leaf",
            "state": {
              "type": "outgoing-link",
              "state": {
                "file": "Linux/Settings/Install Arch  Linux.md",
                "linksCollapsed": false,
                "unlinkedCollapsed": true
              }
            }
          }
        ],
        "currentTab": 2
      }
    ],
    "direction": "horizontal",
    "width": 364.5,
    "collapsed": true
  },
  "left-ribbon": {
    "hiddenItems": {
      "templates:Insert template": false,
      "graph:Open graph view": false,
      "table-editor-obsidian:Advanced Tables Toolbar": false,
      "canvas:Create new canvas": false,
      "markdown-importer:Open format converter": false
    }
  },
  "active": "7b5d246257c0f628",
  "lastOpenFiles": [
    "Linux/Settings/Sway.md",
    "Linux/Settings/Install Arch  Linux.md",
    "Linux/FHS/shadow.md",
    "Programming/Golang/Install.md",
    "Cybersecurity/nmap.md",
    "Networks/tcp.md",
    "Cybersecurity/hydra.md",
    "Networks/_attachment/tcp1.png",
    "Networks/OSI.md",
    "Networks/Сетевые устройства.md",
    "Cybersecurity/exiftool.md",
    "Cybersecurity/Vulnerability.md",
    "Cybersecurity/Penetration Methodology.md",
    "Linux/FHS/_attachment",
    "Linux/FHS/_attachment/shadow-file.webp",
    "Cybersecurity/CURL.md",
    "Linux/FHS",
    "Linux/Settings",
    "Cybersecurity/Mail.md",
    "Cybersecurity/Площадки для практики.md",
    "Cybersecurity/SQL Injection.md",
    "Untitled.md",
    "Cybersecurity",
    "Programming",
    "Linux/Welcome.md",
    "Networks/_attachment",
    "Networks/_attachment/video",
    "Networks/_img/devices/hub.gif",
    "Networks/_attachment/video/devices/hub.webm",
    "Networks/_attachment/video/devices",
    "Alt.md",
    "Networks/_attachment/img",
    "Golang/Untitledgfdsgsdfbv fbsgsdffgs s sfd sdf.md",
    "Golang/12321.md",
    "Залупа.md",
    "create a link.md",
    "2024-02-14.md",
    "Untitled.canvas",
    "Untitled 1.canvas"
  ]
}